,CPU_Usage,Memory_Usage,Network_Usage,Temperature
CPU_Usage,1.0,0.8427826102634012,0.7315322865886057,0.4608077929532668
Memory_Usage,0.8427826102634012,1.0,0.4943816949610762,0.2568108294178156
Network_Usage,0.7315322865886057,0.4943816949610762,1.0,0.4561573124452441
Temperature,0.4608077929532668,0.2568108294178156,0.4561573124452441,1.0
