,CPU_Usage,Memory_Usage,Network_Usage,Temperature
CPU_Usage,1.0,0.5670786411435889,0.3639381954470365,0.659529735040188
Memory_Usage,0.5670786411435889,1.0,0.4699112618235873,0.6175621200689247
Network_Usage,0.3639381954470365,0.4699112618235873,1.0,0.9359358390971577
Temperature,0.659529735040188,0.6175621200689247,0.9359358390971577,1.0
