,Moyenne,Médiane,Écart-type,Min,Max,Q1 (25%),Q3 (75%),IQR,CV (%)
CPU_Usage,50.0833418937162,50.05073857184986,9.524808724317142,21.52298810032903,79.22247629284222,45.66918170533564,54.33591691119149,8.66673520585585,19.017917663182516
Memory_Usage,12.541557896656354,12.763023366898933,2.9736217666431424,3.5828651943713226,20.454316282930442,11.275645334005846,13.978522886404594,2.702877552398748,23.710146627285642
Network_Usage,82.26138003518841,82.07754464133745,12.208029316112714,48.754516243185904,118.83790316136299,72.73403635152707,90.73640787915893,18.002371527631865,14.840535511184672
Temperature,37.080665348103516,37.09494550826588,1.8986550615984663,31.322068240880863,42.407008169737736,35.69523075296548,38.53295266370178,2.837721910736299,5.120337091512229
